"artist"	"song"	"rank"	"chord"
"陳勢安 Andrew Tan"	"天后"	"1"	"A,A,A,A,D,D,D,A,A,F#m,F#m,F#m,A,A,A,A,A,A,A,A,A,A,A,A,A,A,A,A,A,A,A,A,A,A,A,A,Abm,Abm,Abm,Abm,F#m,F#m,F#m,F#m,E,E,E,E,D,D,D,D,D,A,A,E,E,Bm,Bm,E,E,D,D,E,E,A,A,A,A,Abm,Abm,A,A,F#m,F#m,F#m,F#m,E,E,E,E,E,E,D,D,D,D,D,D,Dbm,Dbm,A,A,A,A,B,B,B,B,B,B,B,B,E,E,E,E,E,E,E,E,A,A,A,A,A,A,A,A,E,E,E,E,Ab,Ab,Ab,Ab,F#m,F#m,F#m,F#m,F#m,F#m,F#m,F#m,E,E,E,E,E,E,E,E,D,D,D,D,D,D,D,D,A,A,A,A,A,A,A,A,Bm,Bm,Bm,Bm,Bm,Bm,Bm,Bm,E,E,E,E,A,A,A,A,A,A,A,A,A,A,A,A,E,E,E,E,E,E,E,E,F#m,F#m,F#m,F#m,F#m,F#m,F#m,F#m,E,E,E,E,E,E,B,B,D,D,D,D,D,D,D,D,A,A,A,A,A,A,A,A,Bm,Bm,Bm,Bm,Bm,Bm,Bm,Bm,E,E,E,E,E,E,E,E,A,A,A,A,A,A,A,A,A,A,A,A,E,E,E,E,D,D,D,D,D,D,D,D,E,E,E,E,E,E,E,E,A,A,A,A,A,A,A,A,A,A,A,A,A,A,A,A,Abm,Abm,Abm,Abm,Abm,Abm,Abm,Abm,F#m,F#m,F#m,F#m,F#m,F#m,F#m,F#m,E,E,E,E,E,E,E,E,D,D,D,D,D,D,D,D,Dbm,Dbm,Dbm,Dbm,Dbm,Dbm,Dbm,Dbm,Bm,Bm,Bm,Bm,Bm,Bm,Bm,Bm,E,E,E,E,E,E,A,A,A,A,A,A,A,A,A,A,E,E,E,E,A,A,E,E,F#m,F#m,F#m,F#m,F#m,F#m,F#m,F#m,E,E,E,E,E,E,E,E,D,D,D,D,D,D,D,D,A,A,A,A,Dbm,Dbm,F#m,F#m,Bm,Bm,Bm,Bm,Bm,Bm,Bm,Bm,E,E,E,E,E,E,F#m,F#m,A,A,A,A,A,A,A,A,E,E,E,Abm,Abm,Abm,Abm,A,F#m,F#m,F#m,F#m,F#m,F#m,F#m,F#m,E,E,E,E,E,E,E,E,D,D,D,D,D,D,D,D,A,A,A,A,A,A,A,A,B,B,B,B,B,B,B,B,E,E,E,E,E,E,Bm,Bm,F#,F#,F#,F#,F#,F#,F#,F#,Db,Db,Db,Db,Db,Db,Db,Db,Ebm,Ebm,Ebm,Ebm,Ebm,Ebm,Ebm,Ebm,B,B,B,B,B,B,B,B,F#,F#,F#,F#,F#,F#,F#,F#,Db,Db,Db,Db,Db,Db,Db,Db,Ebm,Ebm,Ebm,Ebm,Ebm,Ebm,Ebm,Ebm,E,E,E,E,E,E,A,A,A,A,A,A,A,A,A,A,E,E,E,E,E,E,E,E,F#m,F#m,F#m,F#m,F#m,F#m,F#m,F#m,E,E,E,E,E,E,E,E,D,D,D,D,D,D,D,D,A,A,A,A,A,A,A,A,Bm,Bm,Bm,Bm,Bm,Bm,Bm,Bm,E,E,E,E,E,E,E,E,G,G,G,G,G,G,G,G,A,E,E,E,E,E,E,E,E,A,A,A,A,A,A,A,A,A,A,A,A,A,A,A,A,A,A,A,A,A,A,A,A,A,A,A,A,D,D,D,D,D,D,D,D,D,D,A,A,A,A,A,A,A,A,A,A,A,A,A,A,A,A,A"
"陳芳語 Kimberley"	"愛你"	"2"	"A,A,A,A,F#,F#,F#,F#,D,D,D,D,E,E,E,E,A,A,A,A,F#m,F#m,F#m,F#m,D,D,D,D,D,D,D,D,A,A,A,A,F#m,F#m,F#m,F#m,D,D,E,E,E,E,E,E,A,A,A,A,F#m,F#m,F#m,F#m,D,D,D,D,D,D,D,D,A,A,A,A,F#m,F#m,F#m,F#m,F#m,D,D,D,D,A,E,E,A,A,A,A,A,A,A,A,F#m,F#m,F#m,F#m,D,D,D,D,A,A,A,A,E,E,E,E,F#m,F#m,F#m,F#m,D,D,D,D,A,A,A,A,E,E,E,E,F#m,F#m,F#m,F#m,D,D,D,D,A,A,A,A,E,E,E,E,Bm,Bm,Bm,Bm,A,A,A,A,D,D,D,D,E,E,E,E,A,A,A,A,F#m,F#m,F#m,F#m,D,D,D,D,D,D,D,D,A,A,A,A,F#m,F#m,F#m,F#m,D,D,D,D,E,E,E,E,A,A,A,A,F#m,F#m,F#m,F#m,D,D,D,D,D,D,D,D,A,A,A,A,F#m,F#m,F#m,F#m,D,D,D,D,E,E,E,E,A,A,A,A,F#m,F#m,F#m,F#m,D,D,D,D,D,D,D,D,A,A,A,A,F#m,F#m,F#m,F#m,F#m,D,D,D,D,A,E,E,A,A,A,A,A,A,A,A,F#m,F#m,F#m,F#m,D,D,D,D,A,A,A,A,E,E,E,E,F#m,F#m,F#m,F#m,A,A,A,A,A,A,A,A,E,E,E,E,F#m,F#m,F#m,F#m,D,D,D,D,A,A,A,A,E,E,E,E,Bm,Bm,Bm,Bm,A,A,A,A,D,D,D,D,E,E,E,E,A,A,A,A,A,A,A,A,D,D,D,D,D,D,D,D,A,A,A,A,A,A,A,A,Bm,Bm,Bm,Bm,Bm,Bm,Bm,Bm,A,A,Bm,Bm,A,A,A,A,D,D,D,D,D,D,D,D,A,A,A,A,A,A,A,A,Bm,Bm,Bm,Bm,Bm,Bm,Bm,Bm,D,D,Dbm,Dbm,Bm,Bm,Bm,Bm,F#m,F#m,F#m,F#m,D,D,D,D,A,A,A,A,E,E,E,E,F#m,F#m,F#m,F#m,A,A,A,A,A,A,A,A,E,E,E,E,F#m,F#m,F#m,F#m,D,D,D,D,A,A,A,A,A,A,A,A,Bm,Bm,Bm,Bm,A,A,A,A,D,D,D,D,E,E,E,E,Bm,Bm,Bm,Bm,A,A,A,A,D,D,D,D,E,E,E,E,E,E,E,E,A,A,A,A,A,A,A,A,A,A,A,A,A,A,A,A"
"五月天 (Mayday)"	"我不願讓你一個人【三立「真愛找麻煩」片尾曲】"	"3"	"G,G,G,Am,Am,Am,Am,D,D,D,G,G,Am,Am,Bm,C,C,C,C,F#m,F#m,F#m,D,D,G,G,Dm,Dm,G,G,G,G,C,C,C,C,D,D,D,D,D,D,Bm,Bm,E,E,E,Am,Am,Em,Em,F#m,A,A,A,A,D,D,D,D,D,D,G,G,G,G,G,G,A,A,A,A,Bm,Bm,Bm,G,G,G,G,C,C,C,C,C,C,G,G,A,Am,Am,G,G,G,G,G,G,Dm,Dm,Dm,G,G,G,G,Em,C,C,C,C,Bm,D,D,D,D,Am,Am,F,D,D,D,D,G,G,G,G,D,D,D,D,G,G,G,G,Am,Am,Am,Am,D,D,D,D,G,G,G,G,C,C,C,C,C,C,G,G,Am,Am,Am,Am,G,G,G,G,D,D,D,D,G,G,G,G,C,C,C,C,Bm,Bm,D,D,Am,Am,C,C,D,D,D,D,G,G,Am,Am,G,G,G,G,C,C,C,C,D,D,D,D,D,D,Bm,Bm,Em,Em,Em,Em,Am,Am,Am,Am,B,B,Eb,Eb,Em,Em,Eb,Eb,G,G,G,G,C,C,C,C,D,D,D,D,D,D,D,D,G,G,G,G,Am,Am,Am,Am,D,D,D,D,C,C,G,G,Am,Am,D,D,G,G,G,G,Am,Am,Am,Am,F#m,F#m,F#m,F#m,Em,Em,D,D,C,C,C,C,C,C,Bm,Bm,Am,Am,Am,Am,G,G,G,G,Dm,Dm,Dm,Dm,G,G,G,G,C,C,C,C,Bm,Bm,D,D,Am,Am,Am,Am,D,D,D,D,G,G,Am,Am,G,G,G,G,C,C,C,C,C,C,F,C,C,C,C,C,C,C,C,C,C,Cm,Cm,Cm,Cm,Cm,Cm,Cm,G,G,G,G,G,G,G,G,C,C,C,C,D,D,D,D,Bm,Bm,D,D,G,G,G,G,C,C,C,C,Bm,Bm,Bm,Bm,Eb,Eb,Eb,Eb,D,G,G,G,G,C,C,C,D,D,D,D,Bm,Bm,Bm,Bm,Em,Em,Em,Em,Am,Am,Am,Am,B,B,Eb,Eb,Em,Em,B,B,G,G,G,G,C,C,C,C,D,D,D,D,Bm,Bm,Bm,Bm,Em,Em,Em,Em,Em,Em,Em,Em,Em,Em,Em,Em,A,A,Am,Am,G,G,D,D,G,G,G,G,G,G,G,G,G,G,G,G,G,C,C,C,C,A,F#,F#,G,G,G,G,G,C,C,C,C,C,C,G,C,C,Am,Am,G,G,G,G,D,D,D,D,G,G,G,G,G,G,C,C,B,B,Bm,Bm,D,D,A,A,D,D,D,D,G,G,G,G,G,G,G,G,G,D,D,D,D,G,G,G,G,C,C,C,C,Bm,Bm,Bm,D,D,Am,Am,G,G,D,D,D,Em,Em,Eb,G,G,D,D,C,C,C,C,A,D,D,D,D,Eb,Gm,Gm,Gm,Gm,D,D,G,G,Am,Am,C,G,G,G,G,G,G,G,G,G,G,G,G,G,G,G,G,G,G,G,G,Am,Am,Am,Am,D,D,D,G,G,G,G,G,G,G,G,C,C,D,D,D,D,D,D,G,G,G,G,G,G,G,G,G,G,G,G,G,G,G,G,G,G,G,G"
"曲婉婷 (Wanting Qu)"	"我的歌聲裡 (You Exist in My Song)"	"4"	"B,B,B,Db,Db,Db,Db,F#,F#,F#,F#,Ebm,Ebm,Ebm,Ebm,B,B,B,B,F#,Db,Db,Db,F#,F#,F#,F#,F#,F#,F#,F#,F#,F#,F#,F#,Db,Bbm,Bbm,Bbm,Bbm,Ebm,Ebm,Ebm,Ebm,Db,Db,Db,Db,Db,B,B,B,B,F#,Bbm,Bbm,Bbm,Bbm,Abm,Abm,Abm,Abm,Db,Db,Db,Db,F#,F#,F#,F#,Bbm,Bbm,Bbm,Bbm,Bbm,Bbm,Ebm,Ebm,Ebm,Ebm,Db,Db,Db,Db,B,B,B,B,B,B,B,B,Db,Db,Db,Db,Db,Db,Db,Db,Db,B,B,B,B,Db,Db,Db,Db,F#,F#,Db,Bbm,Ebm,Ebm,Ebm,Ebm,B,B,B,B,Db,Db,Db,Db,F#,F#,F#,F#,F#,E,E,E,E,B,B,B,B,B,B,Db,Db,Db,Db,F#,F#,F#,F#,Ebm,Ebm,Ebm,Ebm,B,B,B,B,Db,Db,Db,Db,F#,F#,F#,F#,F#,F#,F#,F#,F#,F#,F#,F#,Db,Db,Db,Db,Ebm,Ebm,Ebm,Ebm,F#,F#,F#,F#,B,B,B,B,F#,F#,F#,F#,F#,F#,F#,F#,Db,Db,Db,Db,F#,F#,F#,F#,Bbm,Bbm,Db,Db,Ebm,Ebm,Ebm,Ebm,F#,F#,F#,F#,B,B,B,B,B,B,B,B,Db,Db,Db,Db,Db,Db,Db,Db,Db,Db,Db,Db,Db,Db,Db,Db,B,B,B,B,Db,Db,Db,Db,F#,F#,F#,F#,Ebm,Ebm,Ebm,Ebm,B,B,B,B,F#,F#,Db,Db,F#,F#,F#,F#,Dbm,Dbm,Dbm,Dbm,B,B,B,B,Db,Db,Db,Db,F#,F#,Bbm,Bbm,Ebm,Ebm,Ebm,Ebm,B,B,B,B,F#,F#,F#,F#,F#,F#,F#,F#,F#,F#,F#,F#,E,E,E,E,E,E,E,E,B,B,B,B,B,B,B,B,E,E,E,E,E,E,E,E,Eb,Eb,Eb,Eb,Eb,Eb,Eb,Eb,Eb,Eb,Eb,Eb,Eb,Eb,Eb,Eb,Db,Db,Db,Db,Eb,Eb,Eb,Eb,Abm,Abm,Eb,Eb,Fm,Fm,Fm,Fm,Db,Db,Db,Db,Ebm,Ebm,Ebm,Ebm,Ab,Ab,Ab,Ab,F#,F#,Ab,Ab,Db,Db,Db,Db,Eb,Eb,Eb,Eb,Ab,Ab,Ab,Ab,Fm,Fm,Fm,Fm,Db,Db,Db,Db,Eb,Eb,Eb,Eb,Ab,Ab,Ab,Ab,Ab,Ab,Bbm,Bbm,Eb,Eb,Ebm,Ebm,Ab,Ab,Ab,Ab,F,F,F,F,Db,Db,Db,Db,Abm,Fm,Fm,Fm,Fm,Ebm,Ebm,Ebm,Ebm,Ab,Ab,Ab,Ab,Ab,Ab,F#,Db,Db,Db,Db,Fm,Fm,Db,Db,Fm,Fm,E,E,E,E,Ebm,Ebm,Ebm,Ab,Ab,Ab,Ab,Ab,Ab,Ab,Ab,Ab,Ab,Ab,Ab,Ab,Ab,Ab,Ab,Ab,Ab,Ab,Ab"
"A-Lin"	"幸福了 然後呢 (緯來戲劇台「小媳婦女王」片頭曲"	"5"	"Db,Db,Db,Db,Db,Db,Db,F,F,F,F,F,F,F,F,Bbm,F#,F#,F#,F#,Ebm,Ebm,Ebm,Ebm,Ab,Ab,Ab,Ab,Ab,Ab,Ab,Ab,Db,Db,Db,Db,Db,Db,Db,Db,F,F,F,F,F,F,F,F,F#,F#,F#,F#,Ebm,Ebm,Ebm,Ebm,Ab,Ab,Ab,Ab,Ab,Ab,Ab,Ab,Db,Db,Db,Db,Db,Db,Db,Db,Fm,Fm,Fm,Fm,Fm,Fm,Fm,Fm,Bbm,Bbm,Bbm,Bbm,Bbm,Bbm,Bbm,Bbm,Cm,Cm,Db,Db,Eb,Eb,Eb,Eb,F,F,F,F,Bbm,Bbm,Bbm,Bbm,F#,F#,F#,F#,Db,Db,Db,Db,F,F,F,F,Bbm,Bbm,Bbm,Bbm,F#,F#,F#,F#,F#,F#,F#,F#,Ab,Ab,Ebm,Ebm,Ebm,Ebm,Ab,Ab,Db,Db,Db,Db,Db,Db,F#,F#,Bbm,Bbm,Bbm,Bbm,F#,F#,F#,F#,Db,Db,Db,Db,F#,F#,F#,F#,Ab,Ab,Ab,Ab,F#,F#,Ab,Ab,Db,Db,Db,Db,F#,F#,F#,F#,Bbm,Bbm,Bbm,Bbm,F#,F#,F#,F#,Db,Db,Db,Db,F#,F#,F#,F#,Ab,Ab,Ab,Ab,Am,Am,Am,Am,Bbm,Bbm,Bbm,Bbm,Db,Db,Ab,Ab,Bb,Eb,Eb,Eb,Eb,Eb,Eb,Bbm,Db,Db,Db,Db,Db,Db,Db,Db,F,F,F,F,F,F,F,F,Bbm,Bbm,Bbm,Bbm,Bbm,Bbm,Bbm,Bbm,G,G,Db,Db,Eb,Eb,Eb,Eb,Db,Db,Db,Db,Db,Db,Db,Db,F,F,F,F,F,F,F,F,F#,F#,F#,F#,Ebm,Ebm,Ebm,Ebm,Ab,Ab,Ab,Ab,Ab,Ab,Ab,Ab,Db,Db,Db,Db,Db,Db,Ebm,Ebm,Fm,Fm,Fm,Fm,Fm,Fm,Fm,Fm,Bbm,Bbm,Bbm,Bbm,Bbm,Bbm,Bbm,Bbm,G,G,Db,Db,Ebm,Ebm,Ebm,Ebm,F,F,F,F,Bbm,Bbm,Bbm,Bbm,F#,F#,F#,F#,Db,Db,Db,Db,F,F,F,F,Bbm,Bbm,Bbm,Bbm,F#,F#,F#,F#,F#,F#,F#,F#,Eb,Eb,Ebm,Ebm,F#,F#,Ab,Ab,Db,Db,Db,Db,F#,F#,F#,F#,Bbm,Bbm,Bbm,Bbm,F#,F#,F#,F#,Db,Db,Db,Db,F#,F#,F#,F#,Ab,Ab,Ab,Ab,F#,F#,Ab,Ab,Db,Db,Db,Db,Db,Db,F#,F#,Bbm,Bbm,Bbm,Bbm,F#,F#,F#,F#,Db,Db,Db,Db,F#,F#,F#,F#,Ab,Ab,Ab,Ab,Fm,Fm,Fm,Fm,F#,F#,F#,F#,Db,Db,Ab,Ab,Eb,Eb,Eb,Eb,Eb,Eb,Eb,Eb,F#,F#,F#,F#,F#,F#,F#,F#,Ebm,Ebm,Ebm,Ebm,Ebm,Ebm,Ebm,Ebm,F#,F#,F#,F#,F#,F#,F#,F#,Ab,Ab,Ab,Ab,Ab,Ab,Ab,Ab,Db,Db,Db,Db,Db,Db,F#,F#,Db,Db,Db,Db,Db,Db,F#,F#,Db,Db,Db,Db,Db,Db,Db,Db,Ab,Ab,Ab,Ab,F#,F#,Ab,Ab,Db,Db,Db,Db,Db,Db,F#,F#,Bbm,Bbm,Bbm,Bbm,F#,F#,F#,F#,Db,Db,Db,Db,F#,F#,F#,F#,Ab,Ab,Ab,Ab,F,F,F,F,Bbm,Bbm,Bbm,Bbm,Ab,Ab,Ab,Ab,F#,F#,F#,F#,Ebm,Ebm,Ebm,Ebm,Bbm,Bbm,Bbm,Bbm,Bbm,Bbm,F#,F#,F#,F#,Ebm,Ebm,Bb,Bb,Bb,Bb,Bbm,Bbm,Bbm,Bbm,Db,Db,Db,Db,F#,F#,F#,F#,Ebm,Ebm,Ebm,Ebm,Bbm,Bbm,Bbm,Bbm,Db,Db,Db,Db,F#,F#,F#,F#,Ebm,Ebm,Ebm,Ebm,Bbm,Bbm,Bbm,Bbm,Db,Db,Db,Db,F#,F#,F#,F#,Ebm,Ebm,Ebm,Ebm,Bbm,Bbm,Bbm,Bbm,Db,Db,Db,Db,F#,F#,F#,F#,Ebm,Ebm,Bbm,Bbm,Bbm,Bbm,Bbm,Bbm,Bbm,Bbm,Bbm,Bbm,F#,F#,F#,F#,Ebm,Ebm,Ebm,Ebm,Bbm,Bbm,Bbm,Bbm,Bbm,Bbm,Bbm,Bbm,F#,F#,F#,F#,Ebm,Ebm,Ebm,Ebm,Db,Db,Db,Db,Db,Db,Db,Db,Ebm,Ebm,F#,F#,F#,F#,F#,F#,Db,Db,Db,Db,Db,Db,Db,Db,F#,F#,F#,F#,Bb,Bb,Ebm,Ebm,Ebm,Ebm,Ebm,Ebm"
"周杰倫 (Jay Chou)"	"說好的幸福呢"	"6"	"G,G,C,C,C,C,C,C,C,C,C,C,F,F,F,F,F,F,F,F,F,F,G,G,G,G,G,G,Am,Am,Dm,Dm,Dm,Dm,Em,Em,Em,Em,Em,Em,Em,Em,A,A,A,A,A,A,A,A,G,G,G,G,F,F,F,F,C,C,G,G,Am,Am,Em,Em,Em,Em,Em,Em,D,D,D,D,D,D,E,E,Am,Am,Em,Em,Em,Em,Em,Em,F,F,F,F,C,C,Bm,Bm,Am,Am,A,A,G,G,G,G,Dm,Dm,Dm,Dm,Dm,Dm,G,G,F,F,F,F,F,F,F,F,F,F,Em,Em,Em,Em,Am,Am,Am,Am,Dm,Dm,Dm,C,C,C,C,C,C,F,C,C,G,G,G,G,B,B,F,F,F,F,F,F,F,F,Em,Em,Em,Em,G,Am,Am,Am,Am,Dm,Dm,Dm,Dm,Dm,G,G,C,C,C,C,C,C,Am,Am,Am,Am,Am,Am,F,F,F,F,Em,Em,Em,Em,Em,Am,Am,Am,Am,Dm,Dm,Dm,F,F,G,G,G,G,C,C,C,C,C,C,C,C,Am,Am,Am,Am,Em,Em,Em,Em,Dm,Dm,Em,Em,Em,Em,Em,Em,Am,Am,Am,Am,Am,Am,Am,Am,Em,Em,Em,Em,F,F,F,F,C,C,Bm,Bm,Am,Am,Am,Am,Em,Em,Em,Em,Dm,Dm,Dm,Dm,D,D,E,E,Am,Am,Am,Am,Em,Em,Em,Em,F,F,F,F,C,C,Bm,Bm,Am,Am,Am,Am,G,G,G,G,Am,Am,Am,Am,G,G,G,G,F,F,F,F,F,F,F,F,Em,Em,Em,Em,Am,Am,Am,Am,Dm,Dm,Dm,Dm,Em,Em,Em,Em,F,F,F,F,G,G,Gm,Gm,Ab,Ab,Gm,Gm,F#,F#,F#,F#,F#,F#,Ab,Ab,Ab,Ab,Ab,Ab,Db,Db,Bbm,Bbm,Ebm,Ebm,Ebm,Ebm,Ab,Ab,Ab,Ab,Db,Db,Db,Db,Ebm,Ebm,Db,Db,Db,Db,F#,F#,F#,F#,F#,F#,Fm,Fm,Fm,Fm,Bbm,Bbm,Bbm,Bbm,Ebm,Ebm,Ebm,Ebm,Db,Db,Db,Db,Db,Db,Db,Db,Db,Db,Db,Db,F#,F#,F#,F#,F#,F#,F#,F#,Fm,Fm,Fm,Fm,Bbm,Bbm,Bbm,Bbm,F#,F#,F#,F#,F#,F#,F#,F#,F#,F#,Db,Db,Ebm,Ebm,Db,Db,Db,Db,F#,F#,F#,F#,F#,F#,Fm,Fm,Fm,Fm,Bbm,Bbm,Bbm,Bbm,Ebm,Ebm,Ebm,Ebm,Ab,Ab,Ab,Ab,Db,Db,Db,Db,Db,Db,Db,Db,F#,F#,F#,F#,F#,F#,F#,F#,Db,Db,Db,Db,Db,Db,Db,Db,Db,Db,Db,F#,F#,F#,F#,F#,F#,F#,F#,F#,F#,F#,F#,F#,F#,F#,F#,F#,F#,F#,F#,F#,F#,F#,F#,F#,F#,F#,F#,F#,F#,F#,F#,F#,F#,F#,F#,F#,F"
"林俊傑 (JJ Lin)"	"修煉愛情"	"7"	"Eb,Eb,Eb,Eb,Eb,Eb,Eb,Eb,Eb,Eb,Eb,Eb,Ab,Ab,Ab,Ab,Bb,Bb,Bb,Bb,Bb,Bb,Bb,Bb,Eb,Eb,Eb,Eb,Eb,Eb,Eb,Eb,Eb,Eb,Eb,Eb,Eb,Eb,Eb,Eb,Eb,Eb,Eb,Eb,Eb,Eb,Eb,Eb,Eb,Eb,Eb,Eb,Bb,Bb,Bb,Bb,Ab,Ab,Ab,Ab,Ab,Ab,Ab,Ab,Cm,Cm,Cm,Cm,Gm,Gm,Gm,Gm,Fm,Fm,Fm,Fm,Fm,Fm,Fm,Fm,Cm,Cm,Cm,Cm,Gm,Gm,Gm,Gm,Ab,Ab,Ab,Ab,Ab,Ab,Ab,Ab,Bb,Bb,Bb,Bb,Bb,Bb,Bb,Bb,Bb,Bb,Fm,Fm,Fm,Fm,Fm,Bb,Bb,Bb,Bb,Gm,Bb,Bb,Bb,Bb,Eb,Eb,Eb,Eb,Ab,Ab,Ab,Ab,Bb,Bb,Bb,Eb,Eb,Eb,Eb,Eb,Eb,Eb,Eb,Ab,Ab,Ab,Ab,Ab,Bb,Bb,Bb,Bb,Bb,Bb,Eb,Eb,Eb,Eb,Eb,Fm,Fm,Fm,Fm,Ab,Eb,Eb,Eb,Bb,Bb,Bb,Bb,Bb,Bb,Eb,Eb,Ab,Ab,Ab,Ab,Bb,Bb,Bb,Eb,Eb,Bb,Bb,Eb,Eb,Cm,Cm,Fm,Fm,Fm,Fm,Fm,Fm,Bb,Bb,Bb,Bb,Eb,Eb,Eb,Db,Db,Eb,Eb,Ab,Ab,Ab,Ab,Ab,Ab,Bb,Bb,Gm,Gm,Gm,Gm,Eb,Eb,Eb,Eb,Eb,Ab,Ab,Ab,Ab,Bb,Bb,Bb,Bb,Eb,Eb,Fm,Fm,Eb,Eb,Eb,Eb,Eb,Bb,Bb,Bb,Bb,Bb,Bb,Eb,Ab,Ab,Ab,Ab,Ab,Ab,Ab,Ab,Gm,Gm,Gm,Gm,Gm,Gm,Gm,Gm,Ab,Ab,Eb,Eb,Eb,Eb,Eb,Eb,Cm,Cm,Cm,Cm,Cm,Cm,Gm,Gm,Fm,Fm,Fm,Fm,Fm,Fm,Fm,Fm,Cm,Cm,Cm,Cm,Gm,Gm,Gm,Gm,Fm,Fm,Fm,Fm,Fm,Fm,Fm,Fm,Bb,Bb,Bb,Bb,Bb,Bb,Bb,Bb,Ab,Ab,Ab,Ab,Ab,Ab,Ab,Ab,Gm,Gm,Gm,Gm,Cm,Cm,Cm,Cm,Fm,Fm,Fm,Fm,Bb,Bb,Bb,Bb,Eb,Eb,Eb,Eb,Eb,Eb,Eb,Eb,Ab,Ab,Ab,Ab,Ab,Ab,Ab,Ab,Gm,Gm,Gm,Gm,Cm,Cm,Ab,Ab,Eb,Eb,Fm,Fm,Ab,Ab,Ab,Ab,Bb,Bb,Bb,Bb,Bb,Bb,Bb,Bb,Ab,Ab,Ab,Ab,Bb,Bb,Bb,Bb,Bb,Bb,Bb,Bb,Cm,Cm,Cm,Cm,Fm,Fm,Fm,Fm,Fm,Fm,Bb,Bb,Bb,Bb,Eb,Eb,Eb,Eb,Eb,Eb,Ab,Ab,Ab,Ab,Ab,Ab,Ab,Ab,Gm,Gm,Gm,Gm,Cm,Cm,Bb,Bb,Ab,Ab,Ab,Ab,Ab,Ab,Eb,Eb,Cm,Cm,Cm,Cm,Cm,Bb,Bb,Bb,Bb,F,F,F,F,F,F,F,Cm,Cm,Cm,Cm,Cm,Bb,Bb,Bb,Bb,F,F,F,F,F,F,F,Ab,Ab,Ab,Ab,Bb,Bb,Bb,Bb,G,G,G,G,Cm,Cm,Eb,Eb,Fm,Fm,Fm,Fm,Ab,Ab,Ab,Ab,Bb,Bb,Bb,Bb,B,B,B,B,A,A,B,B,A,A,A,A,B,B,B,B,B,B,B,B,A,A,E,E,F#m,F#m,F#m,F#m,B,B,B,B,B,B,E,E,Bm,Bm,E,E,A,A,A,A,F#,F#,B,B,Abm,Abm,Abm,Abm,E,E,E,E,F#m,F#m,F#m,F#m,B,B,B,B,E,E,A,A,E,E,E,E,A,A,A,A,B,B,Abm,Abm,Abm,Abm,Abm,Abm,Dbm,Dbm,Dbm,Dbm,F#m,F#m,F#m,F#m,B,B,B,B,B,B,B,B,B,B,B,B,E,E,E,E,E,E,E,E,A,A,A,A,A,A,A,A,B,B,B,B,B,B,B,B,A,A,A,A,A,A,A"
"周杰倫 (Jay Chou)"	"明明就"	"8"	"F#m,F#m,F#m,F#m,D,D,D,D,E,E,E,E,Dbm,Dbm,F#m,F#m,F#m,F#m,F#m,Bm,Bm,Bm,Bm,E,E,E,A,A,A,A,A,A,A,A,A,A,A,A,A,A,B,B,A,A,A,A,A,A,A,A,A,F#m,F#m,F#m,F#m,B,B,B,B,B,E,E,E,E,E,E,E,A,A,A,A,B,B,B,B,A,Dm,Dm,Dm,A,A,Dbm,E,E,A,A,A,B,B,B,B,E,E,E,E,E,E,E,F#m,F#m,F#m,F#m,Db,Db,Db,Db,Db,Db,F#m,F#m,F#m,F#m,E,E,E,E,Bm,Bm,Bm,Bm,Bm,Bm,Bm,Bm,E,E,E,E,E,E,E,E,D,D,D,D,E,E,E,E,E,E,E,E,F#m,F#m,F#m,F#m,D,D,D,D,D,D,A,A,A,A,A,A,Bm,Bm,A,A,D,D,D,D,D,D,E,E,Dbm,Dbm,Dbm,Dbm,F#m,F#m,F#m,F#m,F#m,F#m,F#m,F#m,D,D,D,D,A,A,A,A,A,A,A,A,A,A,A,A,A,A,A,A,A,A,A,A,Dm,Dm,Em,Em,A,A,A,A,E,E,E,E,A,A,A,A,B,B,B,B,A,A,A,A,A,A,A,A,A,A,A,A,B,B,B,B,E,E,E,E,E,E,E,E,A,A,A,A,A,A,A,A,Dm,Dm,Dm,Dm,A,A,A,A,A,A,A,A,B,B,B,B,B,E,E,E,E,E,E,A,Abm,Abm,Abm,Abm,Db,Db,Db,Db,F#m,F#m,F#m,F#m,E,E,E,E,Bm,Bm,Bm,Bm,F#m,F#m,F#m,F#m,F#m,F#m,E,E,E,E,E,A,A,A,A,D,E,E,E,E,E,E,E,E,F#m,F#m,F#m,F#m,Bm,Bm,D,D,D,D,D,D,A,A,A,A,Bm,Bm,A,A,A,A,D,D,D,E,E,D,Dbm,Dbm,Dbm,Dbm,F#m,F#m,F#m,F#m,F#m,F#m,F#m,F#m,D,D,A,A,A,A,A,A,A,A,A,A,D,D,D,D,E,E,E,E,E,E,E,E,A,A,A,A,D,D,D,D,D,D,D,D,A,A,A,A,A,A,A,A,A,A,A,A,E,E,E,E,Dbm,Dbm,E,E,A,A,E,E,D,D,D,D,D,D,A,A,A,A,A,A,A,A,A,A,A,A,A,A,A,A,A,A,A,A,A,A,A,A,A,A,Am,Am,Am,Am,Am,Am,Am,Am,Dm,Dm,Dm,Dm,A,A,A,A,A,A,A,A,A,A,A,A,A,A,A,A,A,A"
"五月天 (Mayday)"	"傷心的人別聽慢歌 (貫徹快樂)"	"9"	"F#,Bb,Bb,Bb,Bb,A,A,C,C,Am,Am,Am,Am,A,A,C,C,Em,Em,Em,Em,A,A,C,C,Em,Em,Em,Em,Am,Am,Am,Am,G,G,G,G,C,C,Am,Am,Am,Am,Am,Am,Am,Am,Am,Am,G,G,G,G,Em,Em,Em,Em,D,D,D,D,E,E,E,E,Am,Am,Am,Am,Am,Am,Am,Am,Am,Am,Am,Am,Am,Am,Am,Am,G,G,G,G,Em,Em,Em,Em,Dm,Dm,Dm,Dm,E,E,E,Am,Am,Am,Am,Am,Am,Am,Am,C,F,F,F,F,G,G,G,G,Am,Am,Am,Am,G,G,C,C,Am,Am,Am,Am,G,G,G,G,Am,Am,Am,Am,E,E,E,E,Am,Am,Am,Am,G,G,G,G,Dm,Dm,Dm,Dm,E,E,E,E,Am,Am,Am,Am,G,G,G,G,D,D,D,D,Em,Em,Am,Am,Am,Am,G,G,D,D,D,D,G,G,Am,Am,Am,Am,Am,Am,C,C,Bm,Bm,Am,Am,Am,Am,Am,Am,Am,Am,G,G,G,G,Em,Em,Em,Em,D,D,D,D,E,E,E,Am,Am,Am,Am,Am,Am,Am,Am,Am,Am,Am,Am,C,Am,Am,Am,Am,G,G,G,G,Em,Em,Em,Em,Dm,Dm,Em,Em,Em,Em,Em,Em,Am,Am,Am,Am,Am,Am,Am,Am,F,F,F,F,G,G,G,G,Am,Am,Am,Am,G,G,Em,Em,Am,Am,Am,Am,G,G,G,G,Am,Am,Am,Am,Em,Em,Em,Em,Am,Am,Am,Am,G,G,G,G,G,G,G,G,E,E,E,E,Am,Am,Am,Am,G,G,G,G,D,D,D,D,Em,Em,Em,Em,Am,Am,G,G,D,D,F,F,E,E,E,Am,Am,Am,Am,C,Am,Am,Am,Am,Am,Am,Am,Am,Am,Am,Am,Am,Dm,Dm,Dm,Dm,E,E,E,E,Am,Am,Am,Am,E,E,E,E,Am,Am,Am,Am,Am,Am,Am,Am,D,D,D,D,E,E,E,E,Am,Am,Am,Am,G,G,G,G,D,D,D,D,E,E,E,E,Am,Am,Am,Am,G,G,G,G,D,D,D,D,Em,Em,Em,Em,A,A,G,G,F#,F#,F,F,E,E,E,E,G,G,A,A,A,A,G,G,D,D,F,F,E,E,Am,Am,Am,Am,C,C,E,E,E,E,A,A,C,C,D,D,Em,Em,A,A,C,C,Em,Em,Em,Em,A,A,C,C,Em,Em,Em,Em,F,F,C,C,A,A,A,A,A,A"
"聽見下雨的聲音 電影原聲帶"	"聽見下雨的聲音 (演唱：魏如昀)"	"10"	"A,A,A,A,A,A,F#m,F#m,A,A,A,A,A,A,A,A,A,A,A,A,A,A,A,A,F,F,F,F,E,E,E,E,A,A,A,A,Dbm,Dbm,Dbm,Dbm,F#m,F#m,A,A,E,E,E,E,D,D,D,D,Dbm,Dbm,Dbm,Dbm,E,E,E,E,E,E,E,E,A,A,A,A,Dbm,Dbm,Dbm,Dbm,A,A,A,A,A,A,A,A,A,A,A,A,Dbm,Dbm,Dbm,Dbm,Bm,Bm,Bm,Bm,E,E,E,E,F#m,F#m,F#m,F#m,Db,Db,Db,Db,Db,A,A,A,A,A,A,A,A,B,Bm,Bm,A,A,A,A,D,D,D,D,E,E,E,E,E,E,E,E,A,A,A,A,A,A,A,A,A,A,A,A,F#m,F#m,F#m,F#m,D,D,D,D,A,A,A,A,Bm,Bm,Bm,Bm,E,E,E,E,A,A,A,A,A,A,A,A,A,A,F#m,F#m,F#m,F#m,F#m,F#m,D,D,D,D,A,A,A,A,Bm,Bm,Bm,Bm,E,E,E,E,A,A,A,A,A,A,A,A,D,D,D,D,Ebm,Ebm,E,E,F#,F#,F#,F#,F#,F#,F#,F#,Bm,Bm,Bm,Bm,C,C,Db,Db,F#m,F#m,F#m,F#m,Db,Db,Db,Db,A,A,A,A,Eb,Eb,Eb,Eb,Bm,Bm,Bm,Bm,Dbm,Dbm,Dbm,Dbm,D,D,D,D,E,E,E,E,E,E,E,E,A,A,A,A,A,A,A,A,F#m,F#m,F#m,F#m,E,E,E,E,A,A,A,A,D,D,D,D,D,D,D,D,A,A,A,A,A,A,A,A,F#m,F#m,F#m,F#m,F#m,F#m,F#m,F#m,E,E,E,E,E,E,E,E,A,A,A,A,A,A,A,A,A,A,A,A,A,A,A,A,F#m,F#m,F#m,F#m,F#m,F#m,F#m,F#m,F#m,F#m,F#m,F#m,F#m,F#m,F#m,F#m,D,D,D,D,D,D,D,D,A,A,A,A,A,A,A,A,Bm,Bm,Bm,Bm,D,D,D,D,E,E,E,E,E,E,E,E,A,A,A,A,A,A,A,A,A,A,A,A,A,A,A,A,D,D,D,D,D,D,D,D,D,D,D,D,Bb,Bb,G,G,A,A,A,A,A,A,A,A,A,A,A,A,A,A,A,A,Dm,Dm,Dm,Dm,Dm,Dm,Dm,Dm,Dm,Dm,Dm,Dm,Dm,Dm,Dm,Dm,A,A,A,A,A,A,A,A,A,A,A,A,A,A,A,A,A,A,A,A,A,A,A,A,D,D,F#m,F#m,F#m,F#m,F#m,F#m,F#m,F#m,F#m,F#m,F#m,F#m,F#"
"Mayday五月天"	"洋蔥Onion"	"11"	"C,C,C,C,E,E,E,E,Am,Am,Am,Am,Am,Am,Em,Em,F,F,F,F,Em,Em,Em,Em,F,F,F,F,G,G,G,G,G,C,C,C,C,C,C,G,F,F,F,F,G,G,Am,Am,Dm,Dm,Dm,Dm,Dm,Dm,F,F,E,E,E,E,A,A,A,A,Dm,Dm,Dm,Dm,F,F,F,F,E,E,E,E,Am,Am,C,C,Dm,Dm,Dm,Dm,Dm,Dm,Dm,Dm,Dm,Dm,G,G,G,G,G,G,C,C,C,C,C,C,C,C,F,F,F,F,C,C,C,C,Dm,Dm,Dm,Dm,C,C,Dm,Dm,Dm,Dm,Dm,Dm,A,A,A,A,Dm,Dm,Dm,Dm,Dm,Dm,Dm,Dm,Dm,E,E,E,E,C,C,C,Dm,Dm,Dm,Dm,C,C,F,F,C,C,C,C,G,G,G,G,G,G,G,G,C,C,C,C,C,C,G,G,Am,Am,Am,Am,Am,Am,G,G,F,F,F,F,Em,Em,F,F,Dm,Dm,Dm,Dm,G,G,G,G,C,C,C,C,C,C,G,G,Am,Am,Am,Am,C,C,C,C,F,F,F,F,Em,Em,Am,Am,F,F,F,F,G,G,G,G,G,C,C,C,C,Fm,E,E,Am,Am,Am,Am,Am,Am,Am,Am,F,F,F,F,C,C,C,C,C,C,C,C,C,C,G,G,C,C,C,C,C,C,C,C,F,F,F,F,G,G,A,A,Dm,Dm,Dm,Dm,Dm,Dm,Dm,Dm,E,E,E,E,A,A,A,A,Dm,Dm,Dm,Dm,G,G,Dm,Dm,E,E,E,E,Am,Am,Am,Am,F,F,F,F,C,C,C,C,F,F,F,F,G,G,G,G,C,C,C,C,C,C,G,G,Am,Am,Am,Am,Am,Am,C,C,F,F,F,F,Em,Em,A,A,Dm,Dm,Dm,Dm,C,C,G,G,C,C,C,C,C,C,G,G,Am,Am,Am,Am,C,C,C,C,F,F,F,F,Em,Em,Am,Am,Dm,Dm,Dm,Dm,G,G,Ab,Ab,Am,Am,Am,Am,Bm,Bm,Bm,Bm,C,C,C,C,C,C,C,C,Am,Am,Am,Am,G,G,G,G,C,C,C,C,C,C,C,C,Fm,Fm,Fm,Fm,Bb,Bb,Bb,Bb,Eb,Eb,Eb,Eb,Cm,Cm,Cm,Cm,Fm,Fm,Fm,Fm,Db,Db,Fm,Fm,G,G,G,G,G,G,G,G,G,C,C,C,C,C,C,Bm,G,Am,Am,Am,Am,Am,Am,C,C,F,F,F,F,Em,Em,Am,Am,Dm,Dm,Dm,Dm,G,G,G,G,Am,Am,Am,Am,G,G,G,G,C,C,C,C,Gm,C,C,C,F,F,F,F,C,Em,Em,F,F,F,F,G,G,G,G,E,E,Am,Am,D,D,D,D,D,D,D,D,F,F,F,F,Am,Am,Am,Am,F,F,F,F,Em,Em,F,F,G,G,F,F,F,F,Am,Am,G,G,G,G,C,C,C,C,E,E,E,E,Am,Am,Am,Am,Am,Am,Am,Am,Am,F,F,F,F,C,C,C,Dm,Dm,Dm,Dm,G,G,G,G,G,G,G,G,C,C,C,C,C,C,C,C,C,C,C,C,C,C,C,C,C,C"
"林俊傑 (JJ Lin)"	"她說"	"12"	"Db,Db,Db,Db,F,F,F,F,F,F,G,G,C,C,C,C,C,C,C,C,G,G,G,G,G,G,Dm,Dm,Am,Am,Am,Am,G,G,G,G,G,G,Bm,Bm,F,F,F,F,C,C,Em,Em,Em,Em,Em,Em,Am,Am,Am,Am,Dm,Dm,Dm,Dm,G,G,G,G,C,C,C,C,C,C,C,C,F,F,F,F,F,F,F,F,Em,Em,Em,Em,Am,Am,Am,Am,Dm,Dm,Dm,Dm,G,C,C,C,C,F,F,F,C,C,C,C,F,F,F,F,G,G,G,G,Em,Em,G,G,Am,Am,Am,Am,F,F,F,F,F,F,G,G,C,C,C,C,C,C,C,C,F,F,F,F,Em,Em,Em,Em,Em,Em,Em,Em,Am,Am,Am,Am,Dm,Dm,Dm,Dm,Fm,Fm,G,G,Dm,Dm,C,C,C,C,C,C,C,C,C,C,C,C,C,C,Am,Am,Am,Am,Em,Em,Em,Em,F,F,F,F,Em,Em,Am,Am,F,F,Dm,Dm,G,G,G,G,C,C,C,C,C,C,C,C,B,B,G,G,G,G,G,G,G,G,G,G,G,C,C,C,C,C,C,C,C,C,C,D,Dm,Dm,Dm,Dm,G,G,G,G,C,C,C,C,C,C,C,C,F,F,F,F,C,C,C,C,C,C,C,C,C,C,C,C,Dm,Dm,Dm,Dm,F,F,F,F,C,C,C,C,C,C,C,C,F,F,F,F,G,G,G,G,Em,Em,Em,Em,Am,Am,Am,Am,Dm,Dm,Dm,Dm,F,F,G,G,C,C,C,C,C,C,C,C,C,F,F,F,F,G,Em,Em,Em,Em,Em,Em,Am,Am,Am,Am,Dm,Dm,F,F,F,F,F,G,G,C,C,C,C,C,F,F,F,F,F,F,C,C,G,G,Em,Em,Db,Db,C,C,C,C,G,G,C,C,Bm,Bm,F,F,F,F,F,F,F,F,F,F,C,C,Fm,Fm,C,C,C,C,F,F,F,F,F,F,F,F,Em,Em,Em,Em,Am,Am,Am,Am,Dm,Dm,Dm,Dm,Fm,Fm,G,G,C,C,C,C,C,C,C,C,C,F,F,F,F,F,F,F,F,F,F,F,F,Dm,C,C,C,C,C,C,Dm,Dm,Dm,Dm,Am,Am,C,C,Bb,Bb,Dm,Dm,C,C,Bm,Bm,C,C,Bm,Bm,C,C,Am,Am,Bbm,Bbm,Bb,Bb,C,C,Bb,Bb,G,G,Am,Am,C,C,C,C,Bb,Bb,Am,Am,C,C,C,C,Db,Db,Dm,Dm,Bm,Bm,F,F,G,G,C,C,G,G,G,G,C,C,F,F"
"李佳薇 (Jess Lee)"	"煎熬"	"13"	"Abm,Abm,Abm,Abm,Abm,Abm,Abm,Abm,Abm,Abm,Abm,Abm,Abm,Abm,Abm,Abm,Abm,Abm,Abm,Abm,Abm,Abm,Abm,E,E,E,E,E,E,E,E,B,B,B,B,B,B,B,B,F#,F#,F#,F#,F#,F#,F#,F#,Abm,Abm,Abm,Abm,Abm,Abm,Abm,Abm,E,E,E,E,E,E,E,E,B,B,B,B,B,B,B,B,F#,F#,F#,F#,F#,F#,F#,F#,B,Abm,Abm,Abm,Abm,B,F#,F#,F#,F#,F#,F#,F#,F#,Ab,Abm,Abm,Abm,Abm,Abm,Abm,B,B,Db,Db,F#,F#,F#,F#,F#,F#,Bbm,Bbm,E,E,E,E,E,E,E,E,B,B,B,B,B,B,B,B,F#,F#,F#,F#,F#,F#,F#,F#,E,E,E,E,E,E,E,E,Abm,Abm,Abm,Abm,Abm,Abm,Abm,Abm,F#,F#,F#,F#,F#,F#,F#,F#,Abm,Abm,Abm,Abm,Abm,Abm,Abm,Abm,F#,F#,F#,F#,F#,F#,F#,F#,E,E,E,E,E,E,E,E,B,B,B,B,B,B,B,B,F#,F#,F#,F#,F#,F#,F#,F#,E,E,E,E,E,E,E,E,E,E,E,E,E,E,E,E,Abm,Abm,Abm,Abm,Abm,Abm,Abm,Abm,E,E,E,E,E,E,E,E,B,B,B,B,B,B,B,B,F#,F#,F#,F#,Db,Db,Eb,Eb,Abm,Abm,Abm,Abm,Abm,Abm,Abm,Abm,E,E,E,E,E,E,E,E,B,B,B,B,B,B,B,B,F#,F#,F#,F#,F#,F#,F#,F#,E,E,E,E,Abm,Abm,Ebm,Ebm,E,E,E,E,E,E,E,E,B,B,B,B,E,E,B,F#,F#,F#,F#,F#,F#,F#,F#,Abm,B,B,B,B,Db,Db,Dbm,Dbm,E,E,E,E,E,E,E,E,B,B,B,B,B,B,B,B,F#,F#,F#,F#,F#,F#,F#,F#,Abm,Abm,Abm,Abm,Abm,Abm,Abm,Abm,F#,F#,F#,F#,F#,F#,F#,F#,Abm,Abm,Abm,Abm,Abm,Abm,Abm,Abm,F#,F#,F#,F#,F#,F#,F#,F#,E,E,E,E,E,E,E,E,E,E,B,B,B,B,B,B,B,B,B,F#,F#,F#,F#,F#,F#,F#,F#,B,E,E,E,E,E,E,E,Abm,Abm,Abm,Abm,Abm,Abm,Abm,Abm,E,E,E,E,E,E,E,E,B,B,B,E,B,B,B,B,F#,F#,F#,F#,F#,Dbm,Eb,Eb,Abm,Abm,Abm,Abm,Abm,Abm,Abm,Abm,E,E,E,E,E,E,E,B,B,B,B,B,B,B,B,B,F#,F#,F#,F#,F#,F#,F#,F#,Dbm,Dbm,Dbm,Dbm,Dbm,Dbm,Ebm,E,E,E,E,E,E,E,E,E,B,B,B,B,B,B,B,B,F#,F#,F#,F#,F#,F#,F#,F#,Dbm,E,E,E,E,Abm,Abm,Ebm,Ebm,E,E,E,E,Abm,Abm,Abm,Dbm,Dbm,Dbm,Dbm,Dbm,Dbm,Dbm,Dbm,B,B,B,B,B,B,B,F#,F#,F#,F#,F#,F#,F#,F#,F#,F#,Abm,Abm,Abm,Abm,Abm,Abm,E,E,E,E,E,E,E,E,B,B,B,B,B,B,B,B,F#,F#,F#,F#,F#,F#,B,B,B,B,B,B,F#,F#,F#,F#,F#,F#,F#,F#,F#,F#,F#,F#,F#,F#"
"亦帆 (Canace Wu)"	"淚崩了 (緯來戲劇台-後宮甄嬛傳⽚片尾曲)"	"14"	"F,F,F,F,F,F,F,F,F,F,F,F,F,F,F,F,F,F,C,C,C,C,C,C,Bb,Bb,Bb,Bb,Bb,Bb,Bb,Bb,Bb,Bb,Bb,Bb,Bb,Bb,Gm,Gm,Gm,Gm,Gm,C,C,C,C,Am,Am,Am,D,D,D,D,Gm,Gm,Gm,Gm,Gm,Gm,Gm,Gm,Gm,Gm,F,F,F,F,C,C,C,C,C,C,F,F,F,F,F,F,F,F,F,C,C,C,C,C,C,C,C,C,C,Bb,Dm,Bb,Bb,Bb,Bb,Bb,Bb,Bb,Bb,Bb,Bb,Bb,Bb,Bb,Bb,Bb,Bb,Bb,Bb,Bb,Bb,Gm,Gm,Gm,Gm,Gm,C,C,C,C,C,C,Am,Am,Dm,Dm,Dm,Dm,G,G,Gm,Gm,Gm,Gm,Gm,Gm,C,C,F,F,F,F,F,F,F,F,F,F,Gm,Gm,Gm,Gm,Gm,Gm,Gm,Gm,Gm,Gm,F,F,F,F,F,F,F,F,F,F,F,F,Bb,Bb,Bb,Bb,Bb,Bb,Bb,Bb,Bb,Bb,Bb,Bb,Bb,Bb,F,F,C,C,C,C,C,C,C,C,C,C,C,C,C,C,C,C,C,C,Gm,Gm,Gm,Gm,Gm,Gm,Gm,Bb,Bb,Bb,Bb,F,F,F,F,C,C,C,C,C,C,C,Am,Am,Bb,Bb,Bb,Bb,F,F,G,G,C,C,C,C,C,C,C,C,F,F,F,F,C,C,C,C,Dm,Dm,Dm,Dm,C,C,F,F,Bb,Bb,Bb,Bb,F,F,F,F,G,G,Gm,Gm,C,C,C,C,F,F,F,F,C,C,C,C,Dm,Dm,Dm,Dm,F,F,F,F,Bb,Bb,Bb,Bb,F,F,Dm,Dm,G,G,G,G,C,C,C,C,Db,Db,Db,Db,F,F,F,F,F,F,F,F,F,F,F,F,Bb,Bb,Bb,Bb,F,F,F,F,F,F,F,F,C,C,C,C,Gm,Gm,Gm,Gm,Gm,Gm,Gm,Gm,Am,Am,Am,Am,Am,Am,Am,Am,Bb,Bb,Bb,Bb,Bb,Bb,Bb,Bb,C,C,C,C,C,C,C,C,Gm,Gm,Gm,Gm,Gm,Gm,Gm,Gm,F,F,F,F,F,F,F,F,Bb,Bb,Bb,Bb,Bm,Bm,Dm,Dm,C,C,C,C,C,C,C,C,C,C,F,F,F,F,F,C,C,F,Dm,Dm,Dm,Dm,C,C,F,F,F,F,Bb,Bb,Am,Am,F,F,F,F,Gm,Gm,Gm,Gm,C,C,F,F,F,F,F,F,C,C,Dm,Dm,Dm,Dm,Dm,F,F,F,F,Bb,Bb,Bb,Bb,Am,F,F,F,Gm,Gm,Gm,Gm,C,C,C,C,F,F,F,F,F,C,C,F,F,F,F,F,F,F,F,F,F,Gm,Gm,Gm,Gm,Gm,Gm,Gm,F,F,F,F,F,F,F,F,Bb,Bb,Bb,Bb,Bb,G,G,Gm,Gm,C,C,C,C,C,C,C,C,F,F,F,F,C,C,C,C,F,F,Dm,Dm,Dm,Dm,Dm,Dm,F,F,F,F,Bb,Bb,Bb,Bb,F,F,F,F,F,F,F,F,C,C,C,C,F,F,F,F,C,C,C,C,Dm,Dm,Dm,Dm,F,F,F,F,F,F,Bb,Bb,Am,Am,Dm,Dm,Gm,Gm,Gm,Gm,C,C,C,C,Db,Db,Db,Db,F,F,F,F,F,F,F,F,F,F,F,F,F,F,F,F,F,F,F,F,F,F,F,F,F,F,F,F,F,F,F,F,F,F,F,F,F,F,F,F,F,F,F"
"蕭煌奇 (Ricky Hsiao)"	"末班車"	"15"	"F#,F#,F#,F#,F#,D,D,D,D,E,E,E,E,Db,Dbm,Dbm,Dbm,Bm,Bm,Bm,Bm,Bm,Bm,Bm,Bm,Db,Db,Db,Db,Db,Db,Db,Db,Db,Db,Db,Db,Db,F#,F#,F#m,F#m,F#m,F#m,F#m,F#m,E,E,E,E,E,A,A,E,F#m,F#m,F#m,F#m,F#m,F#m,Ab,Ab,E,E,E,E,A,A,A,A,D,D,D,D,E,E,E,E,Dbm,Dbm,Dbm,Dbm,F#m,F#m,A,A,D,D,D,D,E,E,E,E,E,E,A,A,A,Db,Db,Db,Db,F#m,F#m,F#m,F#m,F#m,F#m,F#m,D,D,E,E,E,E,E,E,A,A,E,E,F#m,F#m,F#m,F#m,F#m,F#m,D,D,D,D,E,E,E,E,A,A,A,A,D,D,D,D,D,D,Dbm,Dbm,Dbm,F#m,F#m,F#m,F#m,D,D,D,E,E,F#m,F#m,F#m,F#m,F#m,F#m,F#m,F#m,A,A,A,A,A,A,A,A,E,E,E,E,E,E,E,E,Bm,Bm,Bm,Bm,Bm,Bm,Dbm,Dbm,D,D,D,D,E,E,E,E,A,A,A,A,A,A,A,A,E,E,E,E,E,E,E,E,Bm,Bm,Bm,Bm,Bm,Bm,A,A,D,D,D,D,E,E,E,E,F#m,F#m,F#m,F#m,D,D,D,D,E,E,E,E,Dbm,Dbm,Dbm,Dbm,F#m,F#m,F#m,F#m,Bm,Bm,Bm,Bm,Db,Db,Db,Db,Db,Db,Db,Db,F#m,F#m,F#m,F#m,D,D,D,D,E,E,E,E,A,A,A,A,F#m,F#m,F#m,F#m,F#m,F#m,F#m,F#m,E,E,E,E,A,A,A,A,A,D,D,D,D,E,E,A,A,A,E,A,A,F#m,Dbm,Dbm,Dbm,D,D,D,D,E,E,E,E,F#m,F#m,F#m,F#m,F#m,F#m,F#m,E,A,A,A,A,A,A,A,A,E,E,E,E,E,E,E,E,Bm,Bm,Bm,Bm,Bm,Bm,A,D,D,D,D,D,E,E,E,E,A,A,A,A,A,A,A,A,E,E,E,E,E,E,E,E,Bm,Bm,Bm,Bm,Bm,Bm,A,D,D,D,D,D,E,E,E,E,F#m,F#m,F#m,F#m,F#m,F#m,A,A,E,E,E,E,E,Dbm,Dbm,Dbm,D,D,D,D,Bm,Bm,Bm,Bm,Db,Db,Db,Db,Db,Db,Db,A,A,A,A,A,A,A,A,E,E,E,E,E,E,E,E,Bm,Bm,Bm,Bm,Bm,Bm,A,A,D,D,D,D,E,E,E,E,A,A,A,A,A,A,A,A,E,E,E,E,E,E,E,E,Bm,Bm,Bm,Bm,Bm,Bm,A,A,D,D,D,D,D,D,E,E,E,E,E,E,E,E,E,E,E,E,F#m,F#m,F#m,F#m,F#m,F#m,A,A,E,E,E,E,E,E,Dbm,Dbm,F#m,F#m,F#m,F#m,F#m,F#m,Bm,Bm,D,D,Db,Db,Db,Db,Db,Db,Db,Db,Db,Db,Db,Db,F#m,F#m,F#,F#,F#,F#,F#,F#,F#,F#,F#,F#,F#,F#,F#,F#,F#,F#,F#,F#,F#,F#,F#,F#"
"家家 (JiaJia)"	"填空【三⽴立偶像劇[真愛趁現在]插曲】"	"16"	"C,C,C,C,C,G,C,C,Am,Am,Am,Am,Am,Am,C,C,F,F,F,F,Am,Am,Am,Am,Dm,Dm,Dm,Dm,C,C,C,C,C,C,C,C,C,C,Bm,Bm,Am,Am,Am,Am,G,G,G,G,F,F,F,F,C,C,C,C,Dm,Dm,Dm,Dm,G,G,G,G,C,C,C,C,Bm,Bm,Bm,Bm,Am,Am,Am,Am,G,G,C,C,F,F,F,F,C,C,C,C,Dm,Dm,Dm,Dm,G,G,G,G,C,C,C,C,G,G,G,G,Am,Am,Am,Am,G,G,G,G,F,F,F,F,C,C,Am,Am,Dm,Dm,Dm,F,F,F,F,G,C,C,C,C,Bm,Bm,E,E,Am,Am,Am,Am,G,G,C,C,F,F,F,F,C,C,C,C,Dm,Dm,Dm,Dm,G,G,G,G,C,C,C,C,C,C,G,G,F,F,F,F,C,C,C,C,C,C,C,C,C,C,C,C,C,C,C,C,G,G,G,G,C,C,C,C,Bm,Bm,Bm,Bm,Am,Am,Am,Am,G,G,G,G,F,F,F,F,C,C,C,C,Dm,Dm,Dm,Dm,F,F,G,G,C,C,C,C,Em,Em,Em,Em,Am,Am,Am,Am,G,G,C,C,F,F,F,F,C,C,C,C,F,F,F,F,G,G,C,C,C,C,C,C,C,C,Em,Em,Am,Am,Am,Am,Em,Em,Em,Em,F,F,F,F,Em,Em,Em,Em,D,D,D,Dm,Dm,Dm,Dm,G,C,C,C,C,G,G,E,E,Am,Am,Am,Am,C,C,C,C,F,F,F,F,C,C,C,C,Dm,Dm,Dm,Dm,G,G,G,G,C,C,C,C,C,C,Gm,Gm,F,F,F,F,C,C,C,C,Am,Am,Am,Am,Em,Em,Em,Em,F,F,F,F,Am,Am,Am,Am,G,G,G,G,G,G,G,G,Bb,Bb,Bb,Bb,F,F,F,F,A,A,A,A,A,A,A,A,Am,Am,D,D,D,D,A,A,F#,F#,Bm,Bm,Bm,Bm,F#m,F#m,F#m,F#m,G,G,G,G,F#m,F#m,Bm,Bm,Bm,Bm,Em,Em,Em,Em,C,C,D,D,D,D,D,D,F#,F#,Bm,Bm,Bm,Bm,D,D,D,D,G,G,Bm,Bm,D,D,B,B,Em,Em,Em,Em,Em,Em,Dm,Dm,Dm,Dm,Dm,Dm,G,G,Em,Em,Em,Em,D,D,D,D,D,D,D,D,D,D,D,D,D,G,G,G,G,Bm,Bm,Bm,Bm,D,D,D,D,D,D,D,D,D,D,D,D,D,D,D"
"朱俐靜 (Miu Chu)"	"一千萬次的淚水 (三立偶像劇「真愛黑白配」插曲、緯來戲劇台韓劇『我的野蠻情人』片尾曲)"	"17"	"G,G,G,G,D,D,Dm,Dm,Dm,Dm,Dm,Dm,C,C,G,G,G,G,G,G,E,E,Em,Em,A,A,Am,Am,G,G,G,G,G,G,G,G,G,G,G,G,G,G,G,G,G,G,G,G,E,E,E,E,Em,Em,Em,Em,C,C,C,C,G,G,G,G,G,Am,Am,Am,Am,G,D,D,G,G,G,G,G,G,G,G,D,Em,Em,Em,Em,Em,Em,D,D,D,C,C,C,C,C,C,Em,Em,Em,Em,Am,Am,Am,Am,D,D,D,D,G,G,G,G,D,D,D,D,Em,Em,Em,Em,D,D,D,D,C,C,C,C,G,G,G,G,Am,Am,Am,Am,D,D,D,D,G,G,G,G,D,D,D,D,Em,Em,Em,Em,Em,Em,G,G,C,C,C,C,G,G,Em,Em,Am,Am,Am,Am,D,D,D,D,G,G,G,G,G,G,G,G,Cm,Cm,Cm,Cm,F,F,F,F,G,G,G,G,G,G,G,G,Cm,Cm,Cm,Cm,F,F,F,F,G,G,G,G,G,G,G,G,Em,Em,Em,Em,Em,Em,Em,Em,C,C,C,C,G,G,G,G,Am,Am,Am,Am,D,D,D,D,G,G,G,G,G,G,D,D,Em,Em,Em,Em,Em,Em,Em,Em,C,C,C,C,Em,Em,Em,Em,A,A,A,A,D,D,D,D,G,G,G,G,D,D,D,D,Em,Em,Em,Em,D,D,G,G,C,C,C,C,G,G,G,G,Am,Am,Am,Am,D,D,D,D,G,G,G,G,D,D,D,D,Em,Em,Em,Em,D,D,G,G,C,C,C,C,Em,Em,Em,Em,Am,Am,Am,Am,D,D,D,D,G,G,G,G,Dm,Dm,Dm,Dm,C,C,C,C,D,D,D,D,D,D,D,D,E,E,E,E,Am,Am,Am,Am,G,G,G,G,C,C,C,C,C,C,C,C,E,E,E,E,E,E,B,B,A,A,A,A,Db,Db,Db,Db,F#m,F#m,F#m,F#m,Em,Em,A,A,D,D,D,D,A,A,F#m,F#m,D,D,B,B,Em,Em,E,E,A,A,A,A,Abm,Abm,Db,Db,F#m,F#m,F#m,F#m,A,A,A,A,D,D,D,D,Dbm,Dbm,F#m,F#m,Bm,Bm,Bm,Bm,E,E,F#m,F#m,Bm,Bm,Bm,Bm,D,D,D,D,E,E,E,E,E,E,E,E,A,A,A,A,F#m,F#m,F#m,F#m,D,D,D,D,D,D,D,D,G,G,G,G,G,G,G,G,G,G,A,A,A,A,A,A,A,A,A,A,A,A,A,A,A"
"梁靜茹 (Fish Leong)"	"愛久見人心"	"18"	"G,G,G,G,G,G,G,G,G,G,G,G,G,G,G,G,G,G,G,G,G,G,G,G,G,G,G,G,G,G,G,G,D,D,D,D,D,D,D,D,D,D,F#m,F#m,Em,Em,Em,Em,D,D,G,G,G,G,G,G,G,G,G,G,D,D,D,D,D,D,Bm,Bm,Bm,Bm,Bm,Bm,D,D,D,D,D,D,D,D,D,D,G,G,Em,Em,Em,Em,G,G,G,G,G,G,D,D,G,G,D,D,D,D,D,D,F#m,F#m,F#m,F#m,F#m,F#m,A,A,A,A,Bm,Bm,Bm,D,D,D,D,G,G,G,G,G,G,G,D,D,G,G,G,G,G,G,Bm,Bm,G,G,D,D,G,G,G,D,D,D,D,D,D,D,D,D,D,D,D,D,D,D,D,D,D,D,D,D,D,D,D,D,D,D,D,D,D,D,D,D,D,D,D,D,D,A,D,D,D,D,D,D,D,D,D,D,Bm,Bm,Bm,Bm,Bm,Bm,D,D,A,A,A,A,A,A,A,A,G,G,G,G,G,G,D,D,G,G,G,G,G,G,G,G,D,D,D,D,F#m,F#m,F#m,F#m,F#m,F#m,F#m,F#m,F#m,F#m,F#m,F#m,Bm,Bm,Bm,Bm,A,A,D,D,G,G,G,G,G,G,D,D,Em,Em,Em,Em,Em,Em,Em,Em,Em,Em,Em,Em,Em,Em,Em,Em,Em,Em,G,G,A,A,A,A,A,A,A,A,A,A,A,A,A,A,A,A,A,A,A,A,A,D,D,D,D,D,D,D,D,D,D,D,D,D,D,D,D,D,D,Bm,Bm,Bm,Bm,Bm,Bm,Bm,Bm,Bm,Bm,Bm,Bm,Bm,Bm,Bm,D,D,G,G,G,G,G,G,G,F#m,F#m,F#m,F#m,Bm,Bm,Bm,E,E,E,E,E,E,E,E,A,A,A,A,A,A,A,A,A,D,D,D,D,D,D,Bm,Bm,Bm,Bm,Bm,Bm,Bm,Bm,Bm,G,G,G,D,D,Bm,D,D,Em,Em,Em,Em,A,A,A,A,G,G,G,G,G,G,G,G,D,D,D,D,A,A,A,A,F#m,F#m,F#m,F#m,G,G,G,G,A,A,A,A,A,A,A,A,D,D,G,G,D,D,D,D,D,D,D,D,G,G,D,D,Bm,Bm,Bm,Bm,A,A,A,A,G,G,G,G,G,G,G,G,F#m,F#m,F#m,F#m,F#m,F#m,F#m,F#m,Bm,Bm,A,A,G,G,F#,F#,E,E,E,E,E,E,E,E,A,A,A,A,A,A,A,A,A,A,A,A,D,D,D,D,D,D,D,D,Bm,Bm,Bm,Bm,Bm,Bm,Bm,Bm,G,G,G,G,F#m,F#m,F#m,F#m,Em,Em,Em,Em,A,A,A,A,D,D,D,D,D,D,D,D,Bm,Bm,Bm,Bm,Bm,Bm,Bm,Bm,D,D,G,G,F#m,F#m,F#m,F#m,Em,Em,Em,Em,A,A,A,A,Bm,Bm,Bm,Bm,Bm,Bm,Bm,Bm,F#,F#,F#m,F#m,F#m,F#m,D,D,G,G,G,G,D,D,Bm,Bm,Em,Em,Em,Em,D,D,A,A,A,D,D,D,D,D,D,D,D,G,Bm,Bm,Bm,Bm,Bm,Bm,Bm,Bm,Bm,Bm,Bm,Bm,G,G,G,G,G,G,G,G,G,G,G,G,G,G,Bm,Bm,Bm,Bm,Bm,Bm,Bm,Bm,Bm,Bm,Bm,Bm,D,D,D,D,G,G,G,G,G,G,G,G,G,G,G,G,G,G,G,G,G,G,G,G,G,G,G,G,G,G,G,G,G,G,G,G,G,G,G,G,G,G,G,G,G,G,G,G,G,G,G,G,G,G,G,G,G,G,G,G,G,G,G,G,G,G,G,G,G,G"
"A-Lin"	"給我⼀一個理由忘記 (⼋八⼤大電視台【我的⼥女友是九尾狐】⽚片尾曲)"	"19"	"Db,Db,F,F,Db,Db,Db,Db,Bb,Bb,Ab,Ab,Ab,Ab,Ab,Ab,Ab,Ab,Fm,Fm,Fm,Fm,Db,Db,Db,Db,Eb,Eb,Ab,Ab,Ab,Ab,Bbm,Ab,Ab,Ab,Ab,Ab,Ab,Ab,Ab,Db,Db,Db,Db,Db,Db,Db,Db,Db,Db,Db,Db,Db,Db,Db,Db,Db,Ab,Ab,Ab,Ab,Ab,Ab,Fm,Fm,Fm,Fm,Ab,Ab,Ab,Ab,Bb,Bb,Bb,Bb,Bb,Bb,Db,Db,Db,Db,Ab,Ab,Db,Db,Eb,Eb,Eb,Eb,Eb,Eb,Eb,Eb,Eb,Eb,Eb,Eb,Eb,Eb,Eb,Eb,Ab,Ab,Ab,Ab,Ab,Ab,Ab,Ab,Ab,Ab,Ab,Ab,Ab,Ab,Eb,Eb,Ab,Ab,Gm,Gm,Db,Db,Eb,Eb,Bbm,Bbm,Bbm,Bbm,Db,Db,Db,Eb,Eb,Ab,Ab,Ab,Ab,Eb,Eb,Eb,Eb,Ab,Fm,Fm,Fm,Fm,Fm,Fm,Fm,Fm,Fm,Fm,Fm,Fm,Fm,Fm,Fm,Fm,Eb,Eb,Eb,Eb,Db,Db,Cm,Cm,Eb,Eb,Eb,Eb,Bb,Bb,Fm,Fm,Eb,Eb,Fm,Fm,Fm,Fm,Fm,Fm,Dm,Dm,Cm,Cm,Db,Db,Db,Db,Cm,Cm,Cm,Cm,Bbm,Bbm,Bbm,Bbm,Ab,Ab,Cm,Cm,Fm,Fm,Fm,Fm,Db,Db,Db,Db,Eb,Eb,Eb,Eb,Ab,Ab,Ab,Ab,Fm,Fm,Fm,Fm,Db,Db,Db,Db,Eb,Eb,Eb,Eb,Ab,Ab,Ab,Ab,Fm,Fm,Fm,Fm,Db,Db,Db,Db,Eb,Eb,Eb,Eb,Ab,Ab,Ab,Ab,Fm,Fm,Fm,Fm,Db,Db,Db,Db,Eb,Eb,Eb,Eb,Eb,Eb,Eb,Eb,Dm,Dm,Dm,Db,Db,Db,Db,Eb,Eb,Ab,Ab,Gm,Gm,Gm,Gm,Gm,Ab,Ab,Ab,Ab,Fm,Fm,Db,Db,Db,Db,Db,Db,Db,Db,Db,Db,Ab,Ab,Eb,Eb,Ebm,Ebm,Eb,Eb,Ab,Ab,Ab,Ab,Eb,Eb,C,C,Fm,Fm,Fm,Fm,Cm,Cm,Cm,Cm,Bbm,Bbm,Bbm,Bbm,Eb,Eb,Eb,Eb,Ab,Ab,Ab,Ab,Eb,Eb,Eb,Eb,Fm,Fm,Fm,Fm,Eb,Eb,Eb,Eb,Db,Db,Db,Db,Cm,Cm,Cm,Cm,Bbm,Bbm,Bbm,Bbm,Ab,Ab,C,C,C,C,Fm,Fm,Eb,Eb,Ab,Ab,Ab,Ab,Ab,Ab,Dm,Dm,Bbm,Bbm,Db,Db,Db,Db,Cm,Cm,Cm,Cm,Bbm,Bbm,Bbm,Bbm,C,C,Fm,Fm,Fm,Fm,Fm,Fm,Db,Db,Db,Db,Eb,Eb,Eb,Eb,Ab,Ab,Ab,Ab,Fm,Fm,Fm,Fm,Db,Db,Db,Db,Eb,Eb,Eb,Eb,Ab,Ab,Ab,Ab,Fm,Fm,Fm,Fm,Db,Db,Db,Db,Eb,Eb,Eb,Eb,Ab,Ab,Ab,Ab,Fm,Fm,Fm,Fm,Db,Db,Db,Db,F#,F#,F#,F#,F#,F#,Db,Db,Ab,Ab,Ab,Ab,Ab,Ab,Bbm,Bbm,Ab,Ab,Ab,Ab,G,G,G,G,Cm,Cm,Cm,Cm,Fm,Fm,Ab,Ab,Fm,Fm,Fm,Fm,Bb,Bb,Bb,Bb,Ab,Ab,Ab,Ab,C,C,C,C,C,C,C,C,C,C,C,C,Bb,Bb,Db,Db,Db,Db,Ab,Ab,Eb,Eb,Ab,Ab,Cm,Cm,Fm,Fm,Fm,Fm,Fm,Fm,Db,Db,Db,Ab,Ab,Ab,Ab,Ab,Ab,Eb,Db,Db,Fm,Fm,Fm,Fm,Fm,Fm,Ab,Eb,Eb,Eb,Eb,Ab,Ab,Ab,Ab,Fm,Fm,Fm,Fm,Bbm,Db,Db,Db,Db,Eb,Eb,Eb,Eb,Eb,Eb,Eb,Eb,Eb,Eb,Eb,Eb,Ab,Ab,Ab,Ab,Ab,Ab,Ab,Ab,Ab,Ab,Ab,Ab,Db,Db,Db,Db,Db,Ab,Ab,Ab,Ab,Ab,Ab,Abm,Dbm,Dbm,Dbm,Dbm,Dbm,Dbm,Dbm,Dbm,Ab,Ab,Ab,Ab,Ab,Ab,Ab,Ab,Ab,Ab,Ab,Ab,Ab,Ab,Ab,Ab,Ab,Ab,Ab,Ab"
"終極一班2電視原聲帶"	"一個⼈想著一個人 (曾沛慈 演唱)"	"20"	"Bb,Bb,Eb,Eb,Ab,Ab,Ab,Ab,Bb,Bb,Bb,Bb,Gm,Gm,Gm,Gm,Cm,Cm,Eb,Eb,B,B,B,B,B,B,B,B,Eb,Eb,Bb,Bb,Bb,Bb,Bb,Bb,Eb,Eb,Eb,Eb,Eb,Eb,Eb,Eb,Eb,Eb,Eb,Eb,Eb,Eb,Eb,Eb,Cm,Cm,Cm,Cm,Cm,Cm,Cm,Cm,Cm,Cm,Cm,Cm,Cm,Cm,Cm,Cm,Ab,Ab,Ab,Ab,Bb,Bb,Bb,Bb,G,G,G,G,Cm,Cm,Fm,Fm,Fm,Fm,Ab,Ab,Bb,Bb,Bb,Bb,Bb,Bb,Bb,Bb,Bb,Bb,Bb,Bb,Eb,Eb,Eb,Eb,Eb,Eb,Eb,Eb,Eb,Eb,Eb,Eb,Eb,Eb,Eb,Eb,Cm,Cm,Cm,Cm,Cm,Cm,Cm,Cm,Cm,Cm,Gm,Gm,Gm,Gm,Gm,Ab,Ab,Ab,Ab,Bb,Bb,Bb,Bb,Bb,G,G,G,G,F,F,Fm,Fm,Fm,Fm,Bb,Bb,Bb,Bb,Eb,Eb,Eb,Eb,Eb,Eb,Eb,Eb,Eb,Eb,Eb,Eb,Eb,Eb,Eb,Eb,Gm,Gm,Gm,Gm,Cm,Cm,Cm,Cm,Fm,Fm,Fm,Fm,Fm,Fm,Bb,Bb,Eb,Eb,Eb,Eb,Eb,Eb,Eb,Eb,Eb,Eb,Eb,Eb,Eb,Eb,Bb,Bb,Gm,Gm,Gm,Gm,C,C,C,C,Fm,Fm,Fm,Fm,Fm,Bb,Bb,Bb,Bb,Eb,Eb,Eb,Eb,Eb,Eb,Eb,Eb,Eb,Eb,Eb,Eb,Eb,Cm,Cm,Cm,Cm,Bb,Bb,Bb,Bb,G,G,Eb,Eb,Eb,Eb,Eb,Eb,Dm,Dm,Dm,Dm,Eb,Eb,Bb,Bb,Bb,Bb,Eb,Eb,Eb,Eb,Eb,Eb,Eb,Eb,Eb,Eb,Eb,Eb,Eb,Eb,Eb,Eb,Eb,Eb,Cm,Cm,Cm,Cm,Cm,Cm,Cm,Cm,Cm,Cm,Cm,Cm,Cm,Cm,Cm,Cm,Ab,Ab,Ab,Ab,Ab,Ab,Ab,Ab,G,G,G,G,Cm,Cm,Cm,Cm,Fm,Fm,Fm,Fm,Bb,Bb,Bb,Bb,Eb,Eb,Eb,Eb,Eb,Eb,Eb,Eb,Ab,Ab,Eb,Eb,Eb,Eb,Eb,Eb,Gm,Gm,Gm,Gm,Eb,Eb,Eb,Eb,F,F,F,F,Bb,Bb,Bb,Bb,Eb,Eb,Eb,Eb,Eb,Eb,Eb,Eb,Ab,Ab,Ab,Ab,Ab,Ab,Ab,Ab,Gm,Gm,Gm,Gm,Cm,Cm,Cm,Cm,F,F,Fm,Fm,Bb,Bb,Bb,Bb,Eb,Eb,Eb,Eb,Eb,Eb,Eb,Eb,Db,Db,Db,Db,Db,Db,Db,Db,Cm,Cm,Cm,Cm,Cm,Cm,Cm,Cm,Abm,Abm,Abm,Abm,Abm,Abm,Eb,Eb,Ab,Ab,Ab,Ab,Bb,Bb,Bb,Bb,Bb,Bb,Ab,Ab,Ab,Ab,Bb,Bb,Gm,Gm,Gm,Gm,Eb,Eb,Eb,Eb,Ab,Ab,Eb,Eb,Bb,Bb,Bb,Bb,Bb,Bb,Eb,Eb,E,E,E,E,A,A,A,A,A,A,E,E,E,E,E,E,Dbm,Dbm,Dbm,F#m,F#m,B,B,B,B,B,B,B,B,B,B,B,B,B,B,B,B,B,B,B,A,A,A,A,A,A,A,A,A,A,E,E,E,E,E,E,E,E,E,E,G,G,G,G,G,G,B,B,B,B,B,B,B,B,B,B,E,E,E,E,E,E,E,E,E,E,E,E"